from_district,to_district,km,minutes
DEPOT_NORTH,DEPOT_NORTH,8,20
DEPOT_NORTH,DEPOT_SOUTH,18,35
DEPOT_NORTH,Colombo,18,35
DEPOT_NORTH,Gampaha,18,35
DEPOT_NORTH,Kandy,18,35
DEPOT_NORTH,Galle,18,35
DEPOT_NORTH,Negombo,18,35
DEPOT_NORTH,Kalutara,18,35
DEPOT_NORTH,Matara,18,35
DEPOT_NORTH,Kurunegala,18,35
DEPOT_SOUTH,DEPOT_NORTH,18,35
DEPOT_SOUTH,DEPOT_SOUTH,8,20
DEPOT_SOUTH,Colombo,18,35
DEPOT_SOUTH,Gampaha,18,35
DEPOT_SOUTH,Kandy,18,35
DEPOT_SOUTH,Galle,18,35
DEPOT_SOUTH,Negombo,18,35
DEPOT_SOUTH,Kalutara,18,35
DEPOT_SOUTH,Matara,18,35
DEPOT_SOUTH,Kurunegala,18,35
Colombo,DEPOT_NORTH,18,35
Colombo,DEPOT_SOUTH,18,35
Colombo,Colombo,8,20
Colombo,Gampaha,25,45
Colombo,Kandy,25,45
Colombo,Galle,25,45
Colombo,Negombo,25,45
Colombo,Kalutara,25,45
Colombo,Matara,25,45
Colombo,Kurunegala,25,45
Gampaha,DEPOT_NORTH,18,35
Gampaha,DEPOT_SOUTH,18,35
Gampaha,Colombo,25,45
Gampaha,Gampaha,8,20
Gampaha,Kandy,25,45
Gampaha,Galle,25,45
Gampaha,Negombo,25,45
Gampaha,Kalutara,25,45
Gampaha,Matara,25,45
Gampaha,Kurunegala,25,45
Kandy,DEPOT_NORTH,18,35
Kandy,DEPOT_SOUTH,18,35
Kandy,Colombo,25,45
Kandy,Gampaha,25,45
Kandy,Kandy,8,20
Kandy,Galle,25,45
Kandy,Negombo,25,45
Kandy,Kalutara,25,45
Kandy,Matara,25,45
Kandy,Kurunegala,25,45
Galle,DEPOT_NORTH,18,35
Galle,DEPOT_SOUTH,18,35
Galle,Colombo,25,45
Galle,Gampaha,25,45
Galle,Kandy,25,45
Galle,Galle,8,20
Galle,Negombo,25,45
Galle,Kalutara,25,45
Galle,Matara,25,45
Galle,Kurunegala,25,45
Negombo,DEPOT_NORTH,18,35
Negombo,DEPOT_SOUTH,18,35
Negombo,Colombo,25,45
Negombo,Gampaha,25,45
Negombo,Kandy,25,45
Negombo,Galle,25,45
Negombo,Negombo,8,20
Negombo,Kalutara,25,45
Negombo,Matara,25,45
Negombo,Kurunegala,25,45
Kalutara,DEPOT_NORTH,18,35
Kalutara,DEPOT_SOUTH,18,35
Kalutara,Colombo,25,45
Kalutara,Gampaha,25,45
Kalutara,Kandy,25,45
Kalutara,Galle,25,45
Kalutara,Negombo,25,45
Kalutara,Kalutara,8,20
Kalutara,Matara,25,45
Kalutara,Kurunegala,25,45
Matara,DEPOT_NORTH,18,35
Matara,DEPOT_SOUTH,18,35
Matara,Colombo,25,45
Matara,Gampaha,25,45
Matara,Kandy,25,45
Matara,Galle,25,45
Matara,Negombo,25,45
Matara,Kalutara,25,45
Matara,Matara,8,20
Matara,Kurunegala,25,45
Kurunegala,DEPOT_NORTH,18,35
Kurunegala,DEPOT_SOUTH,18,35
Kurunegala,Colombo,25,45
Kurunegala,Gampaha,25,45
Kurunegala,Kandy,25,45
Kurunegala,Galle,25,45
Kurunegala,Negombo,25,45
Kurunegala,Kalutara,25,45
Kurunegala,Matara,25,45
Kurunegala,Kurunegala,8,20
