outlet_id,brand,name,district,depot,dock_type,parking_constraint,mall_window,window_open_time,window_close_time
OUT034,Fresh,Waypoint Fresh OUT034,Colombo,DEPOT_NORTH,normal,normal,false,06:30,08:00
OUT021,Style,Waypoint Style OUT021,Gampaha,DEPOT_NORTH,normal,normal,false,09:00,17:00
OUT088,Tech,Waypoint Tech OUT088,Kandy,DEPOT_SOUTH,mall_dock,van_only,true,10:00,16:00
OUT001,Fresh,Waypoint Fresh OUT001,Galle,DEPOT_SOUTH,normal,normal,false,06:30,08:00
OUT002,Style,Waypoint Style OUT002,Negombo,DEPOT_NORTH,normal,normal,false,09:00,17:00
OUT003,Tech,Waypoint Tech OUT003,Kalutara,DEPOT_SOUTH,normal,normal,false,10:00,18:00
OUT004,Fresh,Waypoint Fresh OUT004,Matara,DEPOT_NORTH,normal,normal,false,06:30,08:00
OUT005,Style,Waypoint Style OUT005,Kurunegala,DEPOT_SOUTH,normal,normal,false,09:00,17:00
OUT006,Tech,Waypoint Tech OUT006,Colombo,DEPOT_NORTH,normal,normal,false,10:00,18:00
OUT007,Fresh,Waypoint Fresh OUT007,Gampaha,DEPOT_SOUTH,normal,normal,false,06:30,08:00
OUT008,Style,Waypoint Style OUT008,Kandy,DEPOT_NORTH,normal,normal,false,09:00,17:00
OUT009,Tech,Waypoint Tech OUT009,Galle,DEPOT_SOUTH,normal,van_only,false,10:00,18:00
OUT010,Fresh,Waypoint Fresh OUT010,Negombo,DEPOT_NORTH,normal,normal,false,06:30,08:00
OUT011,Style,Waypoint Style OUT011,Kalutara,DEPOT_SOUTH,mall_dock,normal,true,09:00,17:00
OUT012,Tech,Waypoint Tech OUT012,Matara,DEPOT_NORTH,normal,normal,false,10:00,18:00
OUT013,Fresh,Waypoint Fresh OUT013,Kurunegala,DEPOT_SOUTH,normal,normal,false,06:30,08:00
OUT014,Style,Waypoint Style OUT014,Colombo,DEPOT_NORTH,normal,normal,false,09:00,17:00
OUT015,Tech,Waypoint Tech OUT015,Gampaha,DEPOT_SOUTH,normal,normal,false,10:00,18:00
OUT016,Fresh,Waypoint Fresh OUT016,Kandy,DEPOT_NORTH,normal,normal,false,06:30,08:00
OUT017,Style,Waypoint Style OUT017,Galle,DEPOT_SOUTH,normal,normal,false,09:00,17:00
OUT018,Tech,Waypoint Tech OUT018,Negombo,DEPOT_NORTH,normal,normal,false,10:00,18:00
OUT019,Fresh,Waypoint Fresh OUT019,Kalutara,DEPOT_SOUTH,normal,normal,false,06:30,08:00
OUT020,Style,Waypoint Style OUT020,Matara,DEPOT_NORTH,normal,van_only,false,09:00,17:00
OUT022,Tech,Waypoint Tech OUT022,Kurunegala,DEPOT_SOUTH,normal,normal,false,10:00,18:00
OUT023,Fresh,Waypoint Fresh OUT023,Colombo,DEPOT_NORTH,normal,normal,false,06:30,08:00
OUT024,Style,Waypoint Style OUT024,Gampaha,DEPOT_SOUTH,normal,normal,false,09:00,17:00
OUT025,Tech,Waypoint Tech OUT025,Kandy,DEPOT_NORTH,mall_dock,normal,true,10:00,18:00
OUT026,Fresh,Waypoint Fresh OUT026,Galle,DEPOT_SOUTH,normal,normal,false,06:30,08:00
OUT027,Style,Waypoint Style OUT027,Negombo,DEPOT_NORTH,normal,normal,false,09:00,17:00
OUT028,Tech,Waypoint Tech OUT028,Kalutara,DEPOT_SOUTH,normal,normal,false,10:00,18:00
OUT029,Fresh,Waypoint Fresh OUT029,Matara,DEPOT_NORTH,normal,normal,false,06:30,08:00
OUT030,Style,Waypoint Style OUT030,Kurunegala,DEPOT_SOUTH,normal,normal,false,09:00,17:00
OUT031,Tech,Waypoint Tech OUT031,Colombo,DEPOT_NORTH,normal,normal,false,10:00,18:00
OUT032,Fresh,Waypoint Fresh OUT032,Gampaha,DEPOT_SOUTH,normal,van_only,false,06:30,08:00
OUT033,Style,Waypoint Style OUT033,Kandy,DEPOT_NORTH,normal,normal,false,09:00,17:00
OUT035,Tech,Waypoint Tech OUT035,Galle,DEPOT_SOUTH,normal,normal,false,10:00,18:00
OUT036,Fresh,Waypoint Fresh OUT036,Negombo,DEPOT_NORTH,normal,normal,false,06:30,08:00
OUT037,Style,Waypoint Style OUT037,Kalutara,DEPOT_SOUTH,normal,normal,false,09:00,17:00
OUT038,Tech,Waypoint Tech OUT038,Matara,DEPOT_NORTH,normal,normal,false,10:00,18:00
OUT039,Fresh,Waypoint Fresh OUT039,Kurunegala,DEPOT_SOUTH,mall_dock,normal,true,06:30,08:00
OUT040,Style,Waypoint Style OUT040,Colombo,DEPOT_NORTH,normal,normal,false,09:00,17:00
OUT041,Tech,Waypoint Tech OUT041,Gampaha,DEPOT_SOUTH,normal,normal,false,10:00,18:00
OUT042,Fresh,Waypoint Fresh OUT042,Kandy,DEPOT_NORTH,normal,normal,false,06:30,08:00
OUT043,Style,Waypoint Style OUT043,Galle,DEPOT_SOUTH,normal,normal,false,09:00,17:00
OUT044,Tech,Waypoint Tech OUT044,Negombo,DEPOT_NORTH,normal,van_only,false,10:00,18:00
OUT045,Fresh,Waypoint Fresh OUT045,Kalutara,DEPOT_SOUTH,normal,normal,false,06:30,08:00
OUT046,Style,Waypoint Style OUT046,Matara,DEPOT_NORTH,normal,normal,false,09:00,17:00
OUT047,Tech,Waypoint Tech OUT047,Kurunegala,DEPOT_SOUTH,normal,normal,false,10:00,18:00
OUT048,Fresh,Waypoint Fresh OUT048,Colombo,DEPOT_NORTH,normal,normal,false,06:30,08:00
OUT049,Style,Waypoint Style OUT049,Gampaha,DEPOT_SOUTH,normal,normal,false,09:00,17:00
OUT050,Tech,Waypoint Tech OUT050,Kandy,DEPOT_NORTH,normal,normal,false,10:00,18:00
OUT051,Fresh,Waypoint Fresh OUT051,Galle,DEPOT_SOUTH,normal,normal,false,06:30,08:00
OUT052,Style,Waypoint Style OUT052,Negombo,DEPOT_NORTH,mall_dock,normal,true,09:00,17:00
OUT053,Tech,Waypoint Tech OUT053,Kalutara,DEPOT_SOUTH,normal,normal,false,10:00,18:00
OUT054,Fresh,Waypoint Fresh OUT054,Matara,DEPOT_NORTH,normal,normal,false,06:30,08:00
OUT055,Style,Waypoint Style OUT055,Kurunegala,DEPOT_SOUTH,normal,van_only,false,09:00,17:00
OUT056,Tech,Waypoint Tech OUT056,Colombo,DEPOT_NORTH,normal,normal,false,10:00,18:00
OUT057,Fresh,Waypoint Fresh OUT057,Gampaha,DEPOT_SOUTH,normal,normal,false,06:30,08:00
OUT058,Style,Waypoint Style OUT058,Kandy,DEPOT_NORTH,normal,normal,false,09:00,17:00
OUT059,Tech,Waypoint Tech OUT059,Galle,DEPOT_SOUTH,normal,normal,false,10:00,18:00
OUT060,Fresh,Waypoint Fresh OUT060,Negombo,DEPOT_NORTH,normal,normal,false,06:30,08:00
OUT061,Style,Waypoint Style OUT061,Kalutara,DEPOT_SOUTH,normal,normal,false,09:00,17:00
OUT062,Tech,Waypoint Tech OUT062,Matara,DEPOT_NORTH,normal,normal,false,10:00,18:00
OUT063,Fresh,Waypoint Fresh OUT063,Kurunegala,DEPOT_SOUTH,normal,normal,false,06:30,08:00
OUT064,Style,Waypoint Style OUT064,Colombo,DEPOT_NORTH,normal,normal,false,09:00,17:00
OUT065,Tech,Waypoint Tech OUT065,Gampaha,DEPOT_SOUTH,mall_dock,normal,true,10:00,18:00
OUT066,Fresh,Waypoint Fresh OUT066,Kandy,DEPOT_NORTH,normal,van_only,false,06:30,08:00
OUT067,Style,Waypoint Style OUT067,Galle,DEPOT_SOUTH,normal,normal,false,09:00,17:00
OUT068,Tech,Waypoint Tech OUT068,Negombo,DEPOT_NORTH,normal,normal,false,10:00,18:00
OUT069,Fresh,Waypoint Fresh OUT069,Kalutara,DEPOT_SOUTH,normal,normal,false,06:30,08:00
OUT070,Style,Waypoint Style OUT070,Matara,DEPOT_NORTH,normal,normal,false,09:00,17:00
OUT071,Tech,Waypoint Tech OUT071,Kurunegala,DEPOT_SOUTH,normal,normal,false,10:00,18:00
OUT072,Fresh,Waypoint Fresh OUT072,Colombo,DEPOT_NORTH,normal,normal,false,06:30,08:00
OUT073,Style,Waypoint Style OUT073,Gampaha,DEPOT_SOUTH,normal,normal,false,09:00,17:00
OUT074,Tech,Waypoint Tech OUT074,Kandy,DEPOT_NORTH,normal,normal,false,10:00,18:00
OUT075,Fresh,Waypoint Fresh OUT075,Galle,DEPOT_SOUTH,normal,normal,false,06:30,08:00
OUT076,Style,Waypoint Style OUT076,Negombo,DEPOT_NORTH,normal,normal,false,09:00,17:00
OUT077,Tech,Waypoint Tech OUT077,Kalutara,DEPOT_SOUTH,normal,van_only,false,10:00,18:00
OUT078,Fresh,Waypoint Fresh OUT078,Matara,DEPOT_NORTH,mall_dock,normal,true,06:30,08:00
OUT079,Style,Waypoint Style OUT079,Kurunegala,DEPOT_SOUTH,normal,normal,false,09:00,17:00
OUT080,Tech,Waypoint Tech OUT080,Colombo,DEPOT_NORTH,normal,normal,false,10:00,18:00
OUT081,Fresh,Waypoint Fresh OUT081,Gampaha,DEPOT_SOUTH,normal,normal,false,06:30,08:00
OUT082,Style,Waypoint Style OUT082,Kandy,DEPOT_NORTH,normal,normal,false,09:00,17:00
OUT083,Tech,Waypoint Tech OUT083,Galle,DEPOT_SOUTH,normal,normal,false,10:00,18:00
OUT084,Fresh,Waypoint Fresh OUT084,Negombo,DEPOT_NORTH,normal,normal,false,06:30,08:00
OUT085,Style,Waypoint Style OUT085,Kalutara,DEPOT_SOUTH,normal,normal,false,09:00,17:00
OUT086,Tech,Waypoint Tech OUT086,Matara,DEPOT_NORTH,normal,normal,false,10:00,18:00
OUT087,Fresh,Waypoint Fresh OUT087,Kurunegala,DEPOT_SOUTH,normal,normal,false,06:30,08:00
OUT089,Style,Waypoint Style OUT089,Colombo,DEPOT_NORTH,normal,van_only,false,09:00,17:00
OUT090,Tech,Waypoint Tech OUT090,Gampaha,DEPOT_SOUTH,normal,normal,false,10:00,18:00
OUT091,Fresh,Waypoint Fresh OUT091,Kandy,DEPOT_NORTH,normal,normal,false,06:30,08:00
OUT092,Style,Waypoint Style OUT092,Galle,DEPOT_SOUTH,mall_dock,normal,true,09:00,17:00
OUT093,Tech,Waypoint Tech OUT093,Negombo,DEPOT_NORTH,normal,normal,false,10:00,18:00
OUT094,Fresh,Waypoint Fresh OUT094,Kalutara,DEPOT_SOUTH,normal,normal,false,06:30,08:00
OUT095,Style,Waypoint Style OUT095,Matara,DEPOT_NORTH,normal,normal,false,09:00,17:00
OUT096,Tech,Waypoint Tech OUT096,Kurunegala,DEPOT_SOUTH,normal,normal,false,10:00,18:00
OUT097,Fresh,Waypoint Fresh OUT097,Colombo,DEPOT_NORTH,normal,normal,false,06:30,08:00
OUT098,Style,Waypoint Style OUT098,Gampaha,DEPOT_SOUTH,normal,normal,false,09:00,17:00
OUT099,Tech,Waypoint Tech OUT099,Kandy,DEPOT_NORTH,normal,normal,false,10:00,18:00
OUT100,Fresh,Waypoint Fresh OUT100,Galle,DEPOT_SOUTH,normal,van_only,false,06:30,08:00
OUT101,Style,Waypoint Style OUT101,Negombo,DEPOT_NORTH,normal,normal,false,09:00,17:00
OUT102,Tech,Waypoint Tech OUT102,Kalutara,DEPOT_SOUTH,normal,normal,false,10:00,18:00
OUT103,Fresh,Waypoint Fresh OUT103,Matara,DEPOT_NORTH,normal,normal,false,06:30,08:00
OUT104,Style,Waypoint Style OUT104,Kurunegala,DEPOT_SOUTH,normal,normal,false,09:00,17:00
OUT105,Tech,Waypoint Tech OUT105,Colombo,DEPOT_NORTH,mall_dock,normal,true,10:00,18:00
OUT106,Fresh,Waypoint Fresh OUT106,Gampaha,DEPOT_SOUTH,normal,normal,false,06:30,08:00
OUT107,Style,Waypoint Style OUT107,Kandy,DEPOT_NORTH,normal,normal,false,09:00,17:00
OUT108,Tech,Waypoint Tech OUT108,Galle,DEPOT_SOUTH,normal,normal,false,10:00,18:00
OUT109,Fresh,Waypoint Fresh OUT109,Negombo,DEPOT_NORTH,normal,normal,false,06:30,08:00
OUT110,Style,Waypoint Style OUT110,Kalutara,DEPOT_SOUTH,normal,normal,false,09:00,17:00
OUT111,Tech,Waypoint Tech OUT111,Matara,DEPOT_NORTH,normal,van_only,false,10:00,18:00
OUT112,Fresh,Waypoint Fresh OUT112,Kurunegala,DEPOT_SOUTH,normal,normal,false,06:30,08:00
OUT113,Style,Waypoint Style OUT113,Colombo,DEPOT_NORTH,normal,normal,false,09:00,17:00
OUT114,Tech,Waypoint Tech OUT114,Gampaha,DEPOT_SOUTH,normal,normal,false,10:00,18:00
OUT115,Fresh,Waypoint Fresh OUT115,Kandy,DEPOT_NORTH,normal,normal,false,06:30,08:00
OUT116,Style,Waypoint Style OUT116,Galle,DEPOT_SOUTH,normal,normal,false,09:00,17:00
OUT117,Tech,Waypoint Tech OUT117,Negombo,DEPOT_NORTH,normal,normal,false,10:00,18:00
OUT118,Fresh,Waypoint Fresh OUT118,Kalutara,DEPOT_SOUTH,mall_dock,normal,true,06:30,08:00
OUT119,Style,Waypoint Style OUT119,Matara,DEPOT_NORTH,normal,normal,false,09:00,17:00
OUT120,Tech,Waypoint Tech OUT120,Kurunegala,DEPOT_SOUTH,normal,normal,false,10:00,18:00
