vehicle_id,type,temp,weight_cap_kg,volume_cap_m3,fuel_type,km_per_l,weekly_fuel_quota_l,home_depot
VEH001,truck,ambient,4000,28,diesel,6,250,DEPOT_NORTH
VEH002,truck,ambient,4000,28,diesel,6,250,DEPOT_SOUTH
VEH003,van,ambient,800,6,diesel,12,80,DEPOT_NORTH
VEH004,truck,reefer,4000,28,diesel,6,250,DEPOT_SOUTH
VEH005,truck,ambient,4000,28,diesel,6,250,DEPOT_NORTH
VEH006,van,ambient,800,6,diesel,12,80,DEPOT_SOUTH
VEH007,truck,ambient,4000,28,diesel,6,250,DEPOT_NORTH
VEH008,truck,reefer,4000,28,diesel,6,250,DEPOT_SOUTH
VEH009,van,ambient,800,6,diesel,12,80,DEPOT_NORTH
VEH010,truck,ambient,4000,28,diesel,6,250,DEPOT_SOUTH
VEH011,truck,ambient,4000,28,diesel,6,250,DEPOT_NORTH
VEH012,van,reefer,800,6,diesel,12,80,DEPOT_SOUTH
VEH013,truck,ambient,4000,28,diesel,6,250,DEPOT_NORTH
VEH014,truck,ambient,4000,28,diesel,6,250,DEPOT_SOUTH
VEH015,van,ambient,800,6,diesel,12,80,DEPOT_NORTH
VEH016,truck,reefer,4000,28,diesel,6,250,DEPOT_SOUTH
VEH017,truck,ambient,4000,28,diesel,6,250,DEPOT_NORTH
VEH018,van,ambient,800,6,diesel,12,80,DEPOT_SOUTH
VEH019,truck,ambient,4000,28,diesel,6,250,DEPOT_NORTH
VEH020,truck,reefer,4000,28,diesel,6,250,DEPOT_SOUTH
VEH021,van,ambient,800,6,diesel,12,80,DEPOT_NORTH
VEH022,truck,ambient,4000,28,diesel,6,250,DEPOT_SOUTH
VEH023,truck,ambient,4000,28,diesel,6,250,DEPOT_NORTH
VEH024,van,reefer,800,6,diesel,12,80,DEPOT_SOUTH
VEH025,truck,ambient,4000,28,diesel,6,250,DEPOT_NORTH
VEH026,truck,ambient,4000,28,diesel,6,250,DEPOT_SOUTH
VEH027,van,ambient,800,6,diesel,12,80,DEPOT_NORTH
VEH028,truck,reefer,4000,28,diesel,6,250,DEPOT_SOUTH
VEH029,truck,ambient,4000,28,diesel,6,250,DEPOT_NORTH
VEH030,van,ambient,800,6,diesel,12,80,DEPOT_SOUTH
VEH031,truck,ambient,4000,28,diesel,6,250,DEPOT_NORTH
VEH032,truck,reefer,4000,28,diesel,6,250,DEPOT_SOUTH
VEH033,van,ambient,800,6,diesel,12,80,DEPOT_NORTH
VEH034,truck,ambient,4000,28,diesel,6,250,DEPOT_SOUTH
VEH035,truck,ambient,4000,28,diesel,6,250,DEPOT_NORTH
VEH036,van,reefer,800,6,diesel,12,80,DEPOT_SOUTH
VEH037,truck,ambient,4000,28,diesel,6,250,DEPOT_NORTH
VEH038,truck,ambient,4000,28,diesel,6,250,DEPOT_SOUTH
VEH039,van,ambient,800,6,diesel,12,80,DEPOT_NORTH
VEH040,truck,reefer,4000,28,diesel,6,250,DEPOT_SOUTH
VEH041,truck,ambient,4000,28,diesel,6,250,DEPOT_NORTH
VEH042,van,ambient,800,6,diesel,12,80,DEPOT_SOUTH
VEH043,truck,ambient,4000,28,diesel,6,250,DEPOT_NORTH
VEH044,truck,reefer,4000,28,diesel,6,250,DEPOT_SOUTH
VEH045,van,ambient,800,6,diesel,12,80,DEPOT_NORTH
VEH046,truck,ambient,4000,28,diesel,6,250,DEPOT_SOUTH
VEH047,truck,ambient,4000,28,diesel,6,250,DEPOT_NORTH
VEH048,van,reefer,800,6,diesel,12,80,DEPOT_SOUTH
VEH049,truck,ambient,4000,28,diesel,6,250,DEPOT_NORTH
VEH050,truck,ambient,4000,28,diesel,6,250,DEPOT_SOUTH
VEH051,van,ambient,800,6,diesel,12,80,DEPOT_NORTH
VEH052,truck,reefer,4000,28,diesel,6,250,DEPOT_SOUTH
VEH053,truck,ambient,4000,28,diesel,6,250,DEPOT_NORTH
VEH054,van,ambient,800,6,diesel,12,80,DEPOT_SOUTH
VEH055,truck,ambient,4000,28,diesel,6,250,DEPOT_NORTH
VEH056,truck,reefer,4000,28,diesel,6,250,DEPOT_SOUTH
VEH057,van,ambient,800,6,diesel,12,80,DEPOT_NORTH
VEH058,truck,ambient,4000,28,diesel,6,250,DEPOT_SOUTH
VEH059,truck,ambient,4000,28,diesel,6,250,DEPOT_NORTH
VEH060,van,reefer,800,6,diesel,12,80,DEPOT_SOUTH
