scenario,order_ref,decision,vehicle_id,trip_id
S1,S1-023,served,VEH019,2
S1,S1-025,served,VEH019,2
S1,S1-068,served,VEH023,2
S1,S1-079,served,VEH033,1
S1,S1-083,served,VEH003,2
S1,S1-045,served,VEH011,1
S1,S1-050,served,VEH011,1
S1,S1-020,served,VEH019,1
S1,S1-038,served,VEH007,1
S1,S1-041,deferred,,
S1,S1-001,served,VEH036,1
S1,S1-002,served,VEH038,1
S1,S1-005,served,VEH036,1
S1,S1-009,served,VEH006,1
S1,S1-010,served,VEH019,1
S1,S1-012,served,VEH006,1
S1,S1-017,served,VEH019,1
S1,S1-018,served,VEH019,1
S1,S1-019,served,VEH019,1
S1,S1-022,served,VEH019,1
S1,S1-026,served,VEH014,1
S1,S1-028,deferred,,
S1,S1-029,served,VEH014,1
S1,S1-030,served,VEH014,1
S1,S1-031,deferred,,
S1,S1-032,served,VEH014,1
S1,S1-035,deferred,,
S1,S1-036,served,VEH014,1
S1,S1-046,served,VEH006,2
S1,S1-052,served,VEH031,1
S1,S1-053,served,VEH031,1
S1,S1-056,served,VEH007,2
S1,S1-059,served,VEH031,1
S1,S1-062,served,VEH020,1
S1,S1-066,served,VEH020,1
S1,S1-075,deferred,,
S1,S1-076,served,VEH030,1
S1,S1-078,deferred,,
S1,S1-000,served,VEH038,1
S1,S1-003,deferred,,
S1,S1-004,served,VEH038,1
S1,S1-006,served,VEH019,1
S1,S1-007,served,VEH006,1
S1,S1-008,served,VEH019,1
S1,S1-011,served,VEH019,1
S1,S1-013,served,VEH019,1
S1,S1-014,served,VEH006,1
S1,S1-015,served,VEH023,1
S1,S1-016,served,VEH003,1
S1,S1-021,served,VEH003,1
S1,S1-024,served,VEH019,2
S1,S1-027,served,VEH014,1
S1,S1-033,served,VEH036,2
S1,S1-034,served,VEH014,1
S1,S1-037,served,VEH014,1
S1,S1-039,served,VEH014,1
S1,S1-040,served,VEH014,1
S1,S1-042,served,VEH011,1
S1,S1-043,served,VEH011,1
S1,S1-044,served,VEH011,1
S1,S1-047,served,VEH011,1
S1,S1-048,served,VEH006,2
S1,S1-049,served,VEH011,1
S1,S1-051,served,VEH006,2
S1,S1-054,served,VEH031,1
S1,S1-055,served,VEH031,1
S1,S1-057,served,VEH031,1
S1,S1-058,deferred,,
S1,S1-060,served,VEH011,2
S1,S1-061,served,VEH011,2
S1,S1-063,served,VEH020,1
S1,S1-064,deferred,,
S1,S1-065,served,VEH020,1
S1,S1-067,deferred,,
S1,S1-069,served,VEH014,2
S1,S1-070,served,VEH030,1
S1,S1-071,deferred,,
S1,S1-072,served,VEH030,1
S1,S1-073,deferred,,
S1,S1-074,served,VEH030,1
S1,S1-077,served,VEH010,1
S1,S1-080,served,VEH031,2
S1,S1-081,served,VEH033,2
S1,S1-082,served,VEH033,2
S1,S1-084,served,VEH033,2
